[
 {
  "user": {
   "username": "tony",
   "avatar": "Owl",
   "name": "Tony Lee"
  },
  "datetime": "2022-01-01T01:00:00.000Z",
  "content": "Hi, welcome to the chatroom!"
 },
 {
  "user": {
   "username": "sun",
   "avatar": "Honeybee",
   "name": "1"
  },
  "datetime": "2024-11-14T10:59:46.591Z",
  "content": "1"
 },
 {
  "user": {
   "username": "sun",
   "avatar": "Honeybee",
   "name": "1"
  },
  "datetime": "2024-11-14T11:40:46.874Z",
  "content": "12"
 },
 {
  "user": {
   "username": "lol",
   "avatar": "Microbe",
   "name": "a"
  },
  "datetime": "2024-11-14T11:41:30.513Z",
  "content": "hi"
 },
 {
  "user": {
   "username": "sun",
   "avatar": "Honeybee",
   "name": "1"
  },
  "datetime": "2024-11-14T11:42:09.829Z",
  "content": "hi"
 },
 {
  "user": {
   "username": "sun",
   "avatar": "Honeybee",
   "name": "1"
  },
  "datetime": "2024-11-14T11:42:14.561Z",
  "content": "weeee"
 },
 {
  "user": {
   "username": "lol",
   "avatar": "Microbe",
   "name": "a"
  },
  "datetime": "2024-11-14T11:42:18.785Z",
  "content": "yo"
 },
 {
  "user": {
   "username": "lol",
   "avatar": "Microbe",
   "name": "a"
  },
  "datetime": "2024-11-14T16:14:05.941Z",
  "content": "asssas"
 },
 {
  "user": {
   "username": "lol",
   "avatar": "Microbe",
   "name": "a"
  },
  "datetime": "2024-11-14T16:19:14.142Z",
  "content": "sdadsadasdas"
 },
 {
  "user": {
   "username": "john",
   "avatar": "Badger",
   "name": "bruh"
  },
  "datetime": "2024-11-15T05:29:01.038Z",
  "content": "hi"
 }
]